"Geslacht";"Leeftijd";"Perioden";"Gemeenten";"Levendgeborenen naar migratieachtergrond/Niet-westerse migratieachtergrond/Totaal niet-westerse migratieachtergrond (aantal)";"Levendgeborenen naar migratieachtergrond/Niet-westerse migratieachtergrond/Marokko (aantal)";"Levendgeborenen naar migratieachtergrond/Niet-westerse migratieachtergrond/(voormalige) Nederlandse Antillen, Aruba (aantal)";"Levendgeborenen naar migratieachtergrond/Niet-westerse migratieachtergrond/Suriname (aantal)";"Levendgeborenen naar migratieachtergrond/Niet-westerse migratieachtergrond/Turkije (aantal)"
"Totaal mannen en vrouwen";"Totaal";"2000";"Nederland";32597;7544;2066;4762;7005
"Totaal mannen en vrouwen";"Totaal";"2001";"Nederland";32871;7486;2256;4715;6754
"Totaal mannen en vrouwen";"Totaal";"2002";"Nederland";33135;7736;2370;4552;6555
"Totaal mannen en vrouwen";"Totaal";"2003";"Nederland";32974;7977;2270;4287;6406
"Totaal mannen en vrouwen";"Totaal";"2004";"Nederland";33046;8180;2184;4113;6338
"Totaal mannen en vrouwen";"Totaal";"2005";"Nederland";32483;8257;2117;3857;6353
"Totaal mannen en vrouwen";"Totaal";"2006";"Nederland";31890;8012;2122;3736;6035
"Totaal mannen en vrouwen";"Totaal";"2007";"Nederland";31266;7711;2235;3587;5797
"Totaal mannen en vrouwen";"Totaal";"2008";"Nederland";31258;7713;2345;3535;5550
"Totaal mannen en vrouwen";"Totaal";"2009";"Nederland";30883;7444;2245;3446;5189
"Totaal mannen en vrouwen";"Totaal";"2010";"Nederland";31515;7286;2330;3347;5253
"Totaal mannen en vrouwen";"Totaal";"2011";"Nederland";30894;7093;2236;3158;5041
"Totaal mannen en vrouwen";"Totaal";"2012";"Nederland";30518;6804;2170;2901;4926
"Totaal mannen en vrouwen";"Totaal";"2013";"Nederland";28921;6370;2179;2696;4507
"Totaal mannen en vrouwen";"Totaal";"2014";"Nederland";29845;6382;2258;2518;4764
"Totaal mannen en vrouwen";"Totaal";"2015";"Nederland";28988;5943;2141;2340;4331
"Totaal mannen en vrouwen";"Totaal";"2016";"Nederland";30056;5725;2169;2247;4269
"Totaal mannen en vrouwen";"Totaal";"2017";"Nederland";29225;5342;2056;2090;3904
"Totaal mannen en vrouwen";"Totaal";"2000";"Alkmaar";;;;;
"Totaal mannen en vrouwen";"Totaal";"2001";"Alkmaar";;;;;
"Totaal mannen en vrouwen";"Totaal";"2002";"Alkmaar";;;;;
"Totaal mannen en vrouwen";"Totaal";"2003";"Alkmaar";;;;;
"Totaal mannen en vrouwen";"Totaal";"2004";"Alkmaar";;;;;
"Totaal mannen en vrouwen";"Totaal";"2005";"Alkmaar";;;;;
"Totaal mannen en vrouwen";"Totaal";"2006";"Alkmaar";;;;;
"Totaal mannen en vrouwen";"Totaal";"2007";"Alkmaar";;;;;
"Totaal mannen en vrouwen";"Totaal";"2008";"Alkmaar";;;;;
"Totaal mannen en vrouwen";"Totaal";"2009";"Alkmaar";;;;;
"Totaal mannen en vrouwen";"Totaal";"2010";"Alkmaar";;;;;
"Totaal mannen en vrouwen";"Totaal";"2011";"Alkmaar";;;;;
"Totaal mannen en vrouwen";"Totaal";"2012";"Alkmaar";;;;;
"Totaal mannen en vrouwen";"Totaal";"2013";"Alkmaar";;;;;
"Totaal mannen en vrouwen";"Totaal";"2014";"Alkmaar";;;;;
"Totaal mannen en vrouwen";"Totaal";"2015";"Alkmaar";182;33;13;6;23
"Totaal mannen en vrouwen";"Totaal";"2016";"Alkmaar";218;33;9;12;32
"Totaal mannen en vrouwen";"Totaal";"2017";"Alkmaar";181;26;13;3;14
"Totaal mannen en vrouwen";"Totaal";"2000";"Almere";640;129;46;207;40
"Totaal mannen en vrouwen";"Totaal";"2001";"Almere";787;141;61;283;47
"Totaal mannen en vrouwen";"Totaal";"2002";"Almere";809;143;73;268;51
"Totaal mannen en vrouwen";"Totaal";"2003";"Almere";878;169;63;304;60
"Totaal mannen en vrouwen";"Totaal";"2004";"Almere";916;176;64;319;60
"Totaal mannen en vrouwen";"Totaal";"2005";"Almere";929;203;62;283;67
"Totaal mannen en vrouwen";"Totaal";"2006";"Almere";955;187;85;314;61
"Totaal mannen en vrouwen";"Totaal";"2007";"Almere";949;203;76;286;50
"Totaal mannen en vrouwen";"Totaal";"2008";"Almere";990;212;80;307;61
"Totaal mannen en vrouwen";"Totaal";"2009";"Almere";885;145;88;266;45
"Totaal mannen en vrouwen";"Totaal";"2010";"Almere";994;175;99;297;43
"Totaal mannen en vrouwen";"Totaal";"2011";"Almere";865;146;75;267;42
"Totaal mannen en vrouwen";"Totaal";"2012";"Almere";907;173;81;252;36
"Totaal mannen en vrouwen";"Totaal";"2013";"Almere";818;140;73;211;52
"Totaal mannen en vrouwen";"Totaal";"2014";"Almere";872;125;80;242;55
"Totaal mannen en vrouwen";"Totaal";"2015";"Almere";787;141;65;200;46
"Totaal mannen en vrouwen";"Totaal";"2016";"Almere";785;124;72;208;29
"Totaal mannen en vrouwen";"Totaal";"2017";"Almere";749;113;55;200;46
"Totaal mannen en vrouwen";"Totaal";"2000";"Alphen aan den Rijn";;;;;
"Totaal mannen en vrouwen";"Totaal";"2001";"Alphen aan den Rijn";;;;;
"Totaal mannen en vrouwen";"Totaal";"2002";"Alphen aan den Rijn";;;;;
"Totaal mannen en vrouwen";"Totaal";"2003";"Alphen aan den Rijn";;;;;
"Totaal mannen en vrouwen";"Totaal";"2004";"Alphen aan den Rijn";;;;;
"Totaal mannen en vrouwen";"Totaal";"2005";"Alphen aan den Rijn";;;;;
"Totaal mannen en vrouwen";"Totaal";"2006";"Alphen aan den Rijn";;;;;
"Totaal mannen en vrouwen";"Totaal";"2007";"Alphen aan den Rijn";;;;;
"Totaal mannen en vrouwen";"Totaal";"2008";"Alphen aan den Rijn";;;;;
"Totaal mannen en vrouwen";"Totaal";"2009";"Alphen aan den Rijn";;;;;
"Totaal mannen en vrouwen";"Totaal";"2010";"Alphen aan den Rijn";;;;;
"Totaal mannen en vrouwen";"Totaal";"2011";"Alphen aan den Rijn";;;;;
"Totaal mannen en vrouwen";"Totaal";"2012";"Alphen aan den Rijn";;;;;
"Totaal mannen en vrouwen";"Totaal";"2013";"Alphen aan den Rijn";;;;;
"Totaal mannen en vrouwen";"Totaal";"2014";"Alphen aan den Rijn";142;45;7;8;15
"Totaal mannen en vrouwen";"Totaal";"2015";"Alphen aan den Rijn";154;48;9;14;14
"Totaal mannen en vrouwen";"Totaal";"2016";"Alphen aan den Rijn";194;48;9;9;15
"Totaal mannen en vrouwen";"Totaal";"2017";"Alphen aan den Rijn";170;47;12;4;6
"Totaal mannen en vrouwen";"Totaal";"2000";"Amersfoort";373;94;26;29;118
"Totaal mannen en vrouwen";"Totaal";"2001";"Amersfoort";439;119;24;31;128
"Totaal mannen en vrouwen";"Totaal";"2002";"Amersfoort";341;73;30;22;95
"Totaal mannen en vrouwen";"Totaal";"2003";"Amersfoort";387;99;22;30;109
"Totaal mannen en vrouwen";"Totaal";"2004";"Amersfoort";407;106;26;29;102
"Totaal mannen en vrouwen";"Totaal";"2005";"Amersfoort";406;109;33;16;106
"Totaal mannen en vrouwen";"Totaal";"2006";"Amersfoort";372;84;18;16;104
"Totaal mannen en vrouwen";"Totaal";"2007";"Amersfoort";414;117;29;19;93
"Totaal mannen en vrouwen";"Totaal";"2008";"Amersfoort";382;119;22;20;81
"Totaal mannen en vrouwen";"Totaal";"2009";"Amersfoort";384;106;24;20;87
"Totaal mannen en vrouwen";"Totaal";"2010";"Amersfoort";397;115;29;20;77
"Totaal mannen en vrouwen";"Totaal";"2011";"Amersfoort";364;109;21;17;75
"Totaal mannen en vrouwen";"Totaal";"2012";"Amersfoort";380;92;21;7;86
"Totaal mannen en vrouwen";"Totaal";"2013";"Amersfoort";363;95;19;17;72
"Totaal mannen en vrouwen";"Totaal";"2014";"Amersfoort";367;85;29;15;80
"Totaal mannen en vrouwen";"Totaal";"2015";"Amersfoort";339;64;31;11;76
"Totaal mannen en vrouwen";"Totaal";"2016";"Amersfoort";326;68;21;12;60
"Totaal mannen en vrouwen";"Totaal";"2017";"Amersfoort";354;75;20;9;64
"Totaal mannen en vrouwen";"Totaal";"2000";"Amsterdam";4985;1477;157;1058;736
"Totaal mannen en vrouwen";"Totaal";"2001";"Amsterdam";4937;1481;179;1037;751
"Totaal mannen en vrouwen";"Totaal";"2002";"Amsterdam";4798;1529;185;954;673
"Totaal mannen en vrouwen";"Totaal";"2003";"Amsterdam";4805;1574;165;850;684
"Totaal mannen en vrouwen";"Totaal";"2004";"Amsterdam";4656;1565;170;802;646
"Totaal mannen en vrouwen";"Totaal";"2005";"Amsterdam";4679;1642;148;731;676
"Totaal mannen en vrouwen";"Totaal";"2006";"Amsterdam";4358;1477;143;706;611
"Totaal mannen en vrouwen";"Totaal";"2007";"Amsterdam";4297;1466;156;696;607
"Totaal mannen en vrouwen";"Totaal";"2008";"Amsterdam";4236;1430;142;690;622
"Totaal mannen en vrouwen";"Totaal";"2009";"Amsterdam";4366;1478;147;711;577
"Totaal mannen en vrouwen";"Totaal";"2010";"Amsterdam";4384;1351;140;680;636
"Totaal mannen en vrouwen";"Totaal";"2011";"Amsterdam";4221;1343;148;621;595
"Totaal mannen en vrouwen";"Totaal";"2012";"Amsterdam";4011;1218;125;551;597
"Totaal mannen en vrouwen";"Totaal";"2013";"Amsterdam";3864;1159;133;510;568
"Totaal mannen en vrouwen";"Totaal";"2014";"Amsterdam";3823;1152;138;457;574
"Totaal mannen en vrouwen";"Totaal";"2015";"Amsterdam";3676;1097;134;421;500
"Totaal mannen en vrouwen";"Totaal";"2016";"Amsterdam";3702;1099;124;407;519
"Totaal mannen en vrouwen";"Totaal";"2017";"Amsterdam";3481;977;114;349;504
"Totaal mannen en vrouwen";"Totaal";"2000";"Apeldoorn";194;18;25;18;61
"Totaal mannen en vrouwen";"Totaal";"2001";"Apeldoorn";183;13;8;14;63
"Totaal mannen en vrouwen";"Totaal";"2002";"Apeldoorn";213;15;16;12;78
"Totaal mannen en vrouwen";"Totaal";"2003";"Apeldoorn";194;12;17;15;65
"Totaal mannen en vrouwen";"Totaal";"2004";"Apeldoorn";215;16;26;9;62
"Totaal mannen en vrouwen";"Totaal";"2005";"Apeldoorn";176;16;17;7;52
"Totaal mannen en vrouwen";"Totaal";"2006";"Apeldoorn";187;16;14;14;55
"Totaal mannen en vrouwen";"Totaal";"2007";"Apeldoorn";172;10;20;9;46
"Totaal mannen en vrouwen";"Totaal";"2008";"Apeldoorn";190;11;15;7;55
"Totaal mannen en vrouwen";"Totaal";"2009";"Apeldoorn";153;12;12;10;34
"Totaal mannen en vrouwen";"Totaal";"2010";"Apeldoorn";195;10;15;8;53
"Totaal mannen en vrouwen";"Totaal";"2011";"Apeldoorn";217;13;20;13;51
"Totaal mannen en vrouwen";"Totaal";"2012";"Apeldoorn";172;9;9;3;50
"Totaal mannen en vrouwen";"Totaal";"2013";"Apeldoorn";175;9;11;7;32
"Totaal mannen en vrouwen";"Totaal";"2014";"Apeldoorn";186;9;11;10;45
"Totaal mannen en vrouwen";"Totaal";"2015";"Apeldoorn";160;12;11;8;41
"Totaal mannen en vrouwen";"Totaal";"2016";"Apeldoorn";204;10;13;4;41
"Totaal mannen en vrouwen";"Totaal";"2017";"Apeldoorn";187;6;12;9;29
"Totaal mannen en vrouwen";"Totaal";"2000";"Arnhem";487;66;33;61;168
"Totaal mannen en vrouwen";"Totaal";"2001";"Arnhem";450;57;22;44;131
"Totaal mannen en vrouwen";"Totaal";"2002";"Arnhem";501;81;45;49;128
"Totaal mannen en vrouwen";"Totaal";"2003";"Arnhem";464;65;32;40;125
"Totaal mannen en vrouwen";"Totaal";"2004";"Arnhem";439;74;38;24;110
"Totaal mannen en vrouwen";"Totaal";"2005";"Arnhem";449;59;44;40;118
"Totaal mannen en vrouwen";"Totaal";"2006";"Arnhem";485;87;37;45;122
"Totaal mannen en vrouwen";"Totaal";"2007";"Arnhem";486;80;40;40;132
"Totaal mannen en vrouwen";"Totaal";"2008";"Arnhem";467;71;49;36;104
"Totaal mannen en vrouwen";"Totaal";"2009";"Arnhem";470;69;50;47;109
"Totaal mannen en vrouwen";"Totaal";"2010";"Arnhem";417;72;42;31;85
"Totaal mannen en vrouwen";"Totaal";"2011";"Arnhem";388;61;44;32;81
"Totaal mannen en vrouwen";"Totaal";"2012";"Arnhem";400;54;39;21;92
"Totaal mannen en vrouwen";"Totaal";"2013";"Arnhem";370;64;45;27;73
"Totaal mannen en vrouwen";"Totaal";"2014";"Arnhem";382;49;51;27;75
"Totaal mannen en vrouwen";"Totaal";"2015";"Arnhem";386;43;48;21;83
"Totaal mannen en vrouwen";"Totaal";"2016";"Arnhem";370;41;43;19;72
"Totaal mannen en vrouwen";"Totaal";"2017";"Arnhem";380;49;23;16;64
"Totaal mannen en vrouwen";"Totaal";"2000";"Breda";351;119;33;27;59
"Totaal mannen en vrouwen";"Totaal";"2001";"Breda";372;130;38;29;60
"Totaal mannen en vrouwen";"Totaal";"2002";"Breda";356;111;26;37;52
"Totaal mannen en vrouwen";"Totaal";"2003";"Breda";389;140;26;31;67
"Totaal mannen en vrouwen";"Totaal";"2004";"Breda";378;127;28;33;65
"Totaal mannen en vrouwen";"Totaal";"2005";"Breda";385;128;34;22;67
"Totaal mannen en vrouwen";"Totaal";"2006";"Breda";360;121;28;25;65
"Totaal mannen en vrouwen";"Totaal";"2007";"Breda";360;110;34;21;53
"Totaal mannen en vrouwen";"Totaal";"2008";"Breda";327;94;28;26;51
"Totaal mannen en vrouwen";"Totaal";"2009";"Breda";351;103;30;19;49
"Totaal mannen en vrouwen";"Totaal";"2010";"Breda";346;95;28;17;43
"Totaal mannen en vrouwen";"Totaal";"2011";"Breda";305;96;22;19;36
"Totaal mannen en vrouwen";"Totaal";"2012";"Breda";356;103;36;17;44
"Totaal mannen en vrouwen";"Totaal";"2013";"Breda";287;67;26;17;42
"Totaal mannen en vrouwen";"Totaal";"2014";"Breda";347;79;28;17;50
"Totaal mannen en vrouwen";"Totaal";"2015";"Breda";312;80;27;10;41
"Totaal mannen en vrouwen";"Totaal";"2016";"Breda";310;69;9;6;46
"Totaal mannen en vrouwen";"Totaal";"2017";"Breda";297;68;19;13;29
"Totaal mannen en vrouwen";"Totaal";"2000";"Delft";;;;;
"Totaal mannen en vrouwen";"Totaal";"2001";"Delft";;;;;
"Totaal mannen en vrouwen";"Totaal";"2002";"Delft";;;;;
"Totaal mannen en vrouwen";"Totaal";"2003";"Delft";;;;;
"Totaal mannen en vrouwen";"Totaal";"2004";"Delft";;;;;
"Totaal mannen en vrouwen";"Totaal";"2005";"Delft";;;;;
"Totaal mannen en vrouwen";"Totaal";"2006";"Delft";;;;;
"Totaal mannen en vrouwen";"Totaal";"2007";"Delft";;;;;
"Totaal mannen en vrouwen";"Totaal";"2008";"Delft";;;;;
"Totaal mannen en vrouwen";"Totaal";"2009";"Delft";;;;;
"Totaal mannen en vrouwen";"Totaal";"2010";"Delft";;;;;
"Totaal mannen en vrouwen";"Totaal";"2011";"Delft";;;;;
"Totaal mannen en vrouwen";"Totaal";"2012";"Delft";;;;;
"Totaal mannen en vrouwen";"Totaal";"2013";"Delft";;;;;
"Totaal mannen en vrouwen";"Totaal";"2014";"Delft";255;33;25;15;34
"Totaal mannen en vrouwen";"Totaal";"2015";"Delft";233;27;23;7;19
"Totaal mannen en vrouwen";"Totaal";"2016";"Delft";268;26;21;18;26
"Totaal mannen en vrouwen";"Totaal";"2017";"Delft";237;18;20;9;21
"Totaal mannen en vrouwen";"Totaal";"2000";"Dordrecht";414;63;77;40;113
"Totaal mannen en vrouwen";"Totaal";"2001";"Dordrecht";442;65;86;45;123
"Totaal mannen en vrouwen";"Totaal";"2002";"Dordrecht";445;72;76;42;119
"Totaal mannen en vrouwen";"Totaal";"2003";"Dordrecht";416;69;68;33;106
"Totaal mannen en vrouwen";"Totaal";"2004";"Dordrecht";429;72;76;34;115
"Totaal mannen en vrouwen";"Totaal";"2005";"Dordrecht";409;72;63;32;116
"Totaal mannen en vrouwen";"Totaal";"2006";"Dordrecht";384;63;64;36;92
"Totaal mannen en vrouwen";"Totaal";"2007";"Dordrecht";321;40;58;28;74
"Totaal mannen en vrouwen";"Totaal";"2008";"Dordrecht";363;50;56;32;83
"Totaal mannen en vrouwen";"Totaal";"2009";"Dordrecht";355;56;56;25;86
"Totaal mannen en vrouwen";"Totaal";"2010";"Dordrecht";366;66;58;28;76
"Totaal mannen en vrouwen";"Totaal";"2011";"Dordrecht";335;47;48;23;80
"Totaal mannen en vrouwen";"Totaal";"2012";"Dordrecht";379;49;60;25;87
"Totaal mannen en vrouwen";"Totaal";"2013";"Dordrecht";328;41;57;19;73
"Totaal mannen en vrouwen";"Totaal";"2014";"Dordrecht";348;36;66;17;93
"Totaal mannen en vrouwen";"Totaal";"2015";"Dordrecht";295;31;48;13;78
"Totaal mannen en vrouwen";"Totaal";"2016";"Dordrecht";273;37;53;20;45
"Totaal mannen en vrouwen";"Totaal";"2017";"Dordrecht";292;29;43;13;64
"Totaal mannen en vrouwen";"Totaal";"2000";"Ede";136;48;2;10;35
"Totaal mannen en vrouwen";"Totaal";"2001";"Ede";154;52;4;4;38
"Totaal mannen en vrouwen";"Totaal";"2002";"Ede";164;56;3;10;38
"Totaal mannen en vrouwen";"Totaal";"2003";"Ede";171;64;7;4;37
"Totaal mannen en vrouwen";"Totaal";"2004";"Ede";185;70;7;7;44
"Totaal mannen en vrouwen";"Totaal";"2005";"Ede";164;56;7;6;45
"Totaal mannen en vrouwen";"Totaal";"2006";"Ede";147;46;2;7;37
"Totaal mannen en vrouwen";"Totaal";"2007";"Ede";175;59;8;6;44
"Totaal mannen en vrouwen";"Totaal";"2008";"Ede";154;43;1;5;52
"Totaal mannen en vrouwen";"Totaal";"2009";"Ede";106;33;2;6;25
"Totaal mannen en vrouwen";"Totaal";"2010";"Ede";149;43;2;4;40
"Totaal mannen en vrouwen";"Totaal";"2011";"Ede";116;37;4;8;25
"Totaal mannen en vrouwen";"Totaal";"2012";"Ede";128;41;2;8;28
"Totaal mannen en vrouwen";"Totaal";"2013";"Ede";148;43;5;5;36
"Totaal mannen en vrouwen";"Totaal";"2014";"Ede";140;36;3;7;31
"Totaal mannen en vrouwen";"Totaal";"2015";"Ede";137;42;0;2;29
"Totaal mannen en vrouwen";"Totaal";"2016";"Ede";152;35;5;1;29
"Totaal mannen en vrouwen";"Totaal";"2017";"Ede";121;26;1;3;20
"Totaal mannen en vrouwen";"Totaal";"2000";"Eindhoven";657;145;37;75;178
"Totaal mannen en vrouwen";"Totaal";"2001";"Eindhoven";610;112;46;51;172
"Totaal mannen en vrouwen";"Totaal";"2002";"Eindhoven";614;129;30;66;149
"Totaal mannen en vrouwen";"Totaal";"2003";"Eindhoven";630;142;49;44;159
"Totaal mannen en vrouwen";"Totaal";"2004";"Eindhoven";593;135;30;53;156
"Totaal mannen en vrouwen";"Totaal";"2005";"Eindhoven";587;109;35;37;145
"Totaal mannen en vrouwen";"Totaal";"2006";"Eindhoven";584;123;37;32;153
"Totaal mannen en vrouwen";"Totaal";"2007";"Eindhoven";606;126;33;47;139
"Totaal mannen en vrouwen";"Totaal";"2008";"Eindhoven";583;116;45;40;132
"Totaal mannen en vrouwen";"Totaal";"2009";"Eindhoven";604;107;40;37;143
"Totaal mannen en vrouwen";"Totaal";"2010";"Eindhoven";579;87;38;32;108
"Totaal mannen en vrouwen";"Totaal";"2011";"Eindhoven";596;91;40;34;115
"Totaal mannen en vrouwen";"Totaal";"2012";"Eindhoven";549;76;33;27;96
"Totaal mannen en vrouwen";"Totaal";"2013";"Eindhoven";540;88;38;27;100
"Totaal mannen en vrouwen";"Totaal";"2014";"Eindhoven";604;97;40;19;112
"Totaal mannen en vrouwen";"Totaal";"2015";"Eindhoven";547;72;39;21;75
"Totaal mannen en vrouwen";"Totaal";"2016";"Eindhoven";625;68;42;19;109
"Totaal mannen en vrouwen";"Totaal";"2017";"Eindhoven";580;67;35;21;88
"Totaal mannen en vrouwen";"Totaal";"2000";"Emmen";69;3;6;7;14
"Totaal mannen en vrouwen";"Totaal";"2001";"Emmen";82;10;5;6;15
"Totaal mannen en vrouwen";"Totaal";"2002";"Emmen";90;12;8;8;14
"Totaal mannen en vrouwen";"Totaal";"2003";"Emmen";75;10;5;8;10
"Totaal mannen en vrouwen";"Totaal";"2004";"Emmen";77;7;7;3;14
"Totaal mannen en vrouwen";"Totaal";"2005";"Emmen";79;5;9;5;15
"Totaal mannen en vrouwen";"Totaal";"2006";"Emmen";82;7;4;7;8
"Totaal mannen en vrouwen";"Totaal";"2007";"Emmen";85;6;8;4;17
"Totaal mannen en vrouwen";"Totaal";"2008";"Emmen";78;6;3;3;14
"Totaal mannen en vrouwen";"Totaal";"2009";"Emmen";98;9;13;7;14
"Totaal mannen en vrouwen";"Totaal";"2010";"Emmen";88;8;8;5;10
"Totaal mannen en vrouwen";"Totaal";"2011";"Emmen";86;7;6;3;13
"Totaal mannen en vrouwen";"Totaal";"2012";"Emmen";79;5;10;1;11
"Totaal mannen en vrouwen";"Totaal";"2013";"Emmen";80;9;3;4;9
"Totaal mannen en vrouwen";"Totaal";"2014";"Emmen";79;4;6;1;5
"Totaal mannen en vrouwen";"Totaal";"2015";"Emmen";72;6;6;1;9
"Totaal mannen en vrouwen";"Totaal";"2016";"Emmen";80;3;2;5;7
"Totaal mannen en vrouwen";"Totaal";"2017";"Emmen";76;6;7;2;8
"Totaal mannen en vrouwen";"Totaal";"2000";"Enschede";390;40;12;33;166
"Totaal mannen en vrouwen";"Totaal";"2001";"Enschede";385;44;11;26;152
"Totaal mannen en vrouwen";"Totaal";"2002";"Enschede";402;49;13;24;151
"Totaal mannen en vrouwen";"Totaal";"2003";"Enschede";414;50;12;30;174
"Totaal mannen en vrouwen";"Totaal";"2004";"Enschede";355;51;10;23;119
"Totaal mannen en vrouwen";"Totaal";"2005";"Enschede";411;52;9;16;154
"Totaal mannen en vrouwen";"Totaal";"2006";"Enschede";374;40;11;20;139
"Totaal mannen en vrouwen";"Totaal";"2007";"Enschede";390;43;20;19;127
"Totaal mannen en vrouwen";"Totaal";"2008";"Enschede";349;37;15;16;103
"Totaal mannen en vrouwen";"Totaal";"2009";"Enschede";360;35;12;21;91
"Totaal mannen en vrouwen";"Totaal";"2010";"Enschede";363;29;20;18;101
"Totaal mannen en vrouwen";"Totaal";"2011";"Enschede";329;21;18;16;80
"Totaal mannen en vrouwen";"Totaal";"2012";"Enschede";338;23;11;13;91
"Totaal mannen en vrouwen";"Totaal";"2013";"Enschede";312;22;9;15;80
"Totaal mannen en vrouwen";"Totaal";"2014";"Enschede";301;19;16;5;63
"Totaal mannen en vrouwen";"Totaal";"2015";"Enschede";335;20;18;15;74
"Totaal mannen en vrouwen";"Totaal";"2016";"Enschede";325;20;21;10;60
"Totaal mannen en vrouwen";"Totaal";"2017";"Enschede";294;21;13;9;54
"Totaal mannen en vrouwen";"Totaal";"2000";"'s-Gravenhage (gemeente)";2745;572;161;583;680
"Totaal mannen en vrouwen";"Totaal";"2001";"'s-Gravenhage (gemeente)";2721;572;151;586;618
"Totaal mannen en vrouwen";"Totaal";"2002";"'s-Gravenhage (gemeente)";2799;581;190;601;661
"Totaal mannen en vrouwen";"Totaal";"2003";"'s-Gravenhage (gemeente)";2735;617;168;531;630
"Totaal mannen en vrouwen";"Totaal";"2004";"'s-Gravenhage (gemeente)";2847;652;207;503;684
"Totaal mannen en vrouwen";"Totaal";"2005";"'s-Gravenhage (gemeente)";2754;689;157;471;684
"Totaal mannen en vrouwen";"Totaal";"2006";"'s-Gravenhage (gemeente)";2846;650;203;470;679
"Totaal mannen en vrouwen";"Totaal";"2007";"'s-Gravenhage (gemeente)";2717;631;202;432;670
"Totaal mannen en vrouwen";"Totaal";"2008";"'s-Gravenhage (gemeente)";2744;636;196;433;666
"Totaal mannen en vrouwen";"Totaal";"2009";"'s-Gravenhage (gemeente)";2636;648;203;405;608
"Totaal mannen en vrouwen";"Totaal";"2010";"'s-Gravenhage (gemeente)";2728;639;199;404;634
"Totaal mannen en vrouwen";"Totaal";"2011";"'s-Gravenhage (gemeente)";2833;613;249;409;646
"Totaal mannen en vrouwen";"Totaal";"2012";"'s-Gravenhage (gemeente)";2792;614;204;368;673
"Totaal mannen en vrouwen";"Totaal";"2013";"'s-Gravenhage (gemeente)";2547;601;187;324;580
"Totaal mannen en vrouwen";"Totaal";"2014";"'s-Gravenhage (gemeente)";2701;604;191;318;682
"Totaal mannen en vrouwen";"Totaal";"2015";"'s-Gravenhage (gemeente)";2630;554;239;264;618
"Totaal mannen en vrouwen";"Totaal";"2016";"'s-Gravenhage (gemeente)";2517;532;203;257;670
"Totaal mannen en vrouwen";"Totaal";"2017";"'s-Gravenhage (gemeente)";2470;512;182;229;580
"Totaal mannen en vrouwen";"Totaal";"2000";"Groningen (gemeente)";312;31;63;40;15
"Totaal mannen en vrouwen";"Totaal";"2001";"Groningen (gemeente)";339;39;66;47;21
"Totaal mannen en vrouwen";"Totaal";"2002";"Groningen (gemeente)";327;34;59;47;19
"Totaal mannen en vrouwen";"Totaal";"2003";"Groningen (gemeente)";332;22;60;45;21
"Totaal mannen en vrouwen";"Totaal";"2004";"Groningen (gemeente)";354;24;59;47;13
"Totaal mannen en vrouwen";"Totaal";"2005";"Groningen (gemeente)";324;25;51;40;19
"Totaal mannen en vrouwen";"Totaal";"2006";"Groningen (gemeente)";308;25;54;43;23
"Totaal mannen en vrouwen";"Totaal";"2007";"Groningen (gemeente)";321;17;70;32;21
"Totaal mannen en vrouwen";"Totaal";"2008";"Groningen (gemeente)";351;26;73;30;31
"Totaal mannen en vrouwen";"Totaal";"2009";"Groningen (gemeente)";348;30;70;38;11
"Totaal mannen en vrouwen";"Totaal";"2010";"Groningen (gemeente)";327;18;63;32;13
"Totaal mannen en vrouwen";"Totaal";"2011";"Groningen (gemeente)";378;30;61;28;25
"Totaal mannen en vrouwen";"Totaal";"2012";"Groningen (gemeente)";368;27;66;29;23
"Totaal mannen en vrouwen";"Totaal";"2013";"Groningen (gemeente)";351;22;71;24;21
"Totaal mannen en vrouwen";"Totaal";"2014";"Groningen (gemeente)";311;21;63;19;14
"Totaal mannen en vrouwen";"Totaal";"2015";"Groningen (gemeente)";343;17;59;32;20
"Totaal mannen en vrouwen";"Totaal";"2016";"Groningen (gemeente)";374;18;50;21;16
"Totaal mannen en vrouwen";"Totaal";"2017";"Groningen (gemeente)";337;19;58;11;16
"Totaal mannen en vrouwen";"Totaal";"2000";"Haarlem";398;117;22;29;104
"Totaal mannen en vrouwen";"Totaal";"2001";"Haarlem";334;88;14;31;93
"Totaal mannen en vrouwen";"Totaal";"2002";"Haarlem";387;124;16;25;113
"Totaal mannen en vrouwen";"Totaal";"2003";"Haarlem";347;110;11;23;86
"Totaal mannen en vrouwen";"Totaal";"2004";"Haarlem";396;113;15;28;99
"Totaal mannen en vrouwen";"Totaal";"2005";"Haarlem";388;108;15;22;101
"Totaal mannen en vrouwen";"Totaal";"2006";"Haarlem";382;115;13;12;96
"Totaal mannen en vrouwen";"Totaal";"2007";"Haarlem";387;116;14;25;94
"Totaal mannen en vrouwen";"Totaal";"2008";"Haarlem";371;112;15;17;82
"Totaal mannen en vrouwen";"Totaal";"2009";"Haarlem";380;120;11;26;73
"Totaal mannen en vrouwen";"Totaal";"2010";"Haarlem";392;128;15;23;83
"Totaal mannen en vrouwen";"Totaal";"2011";"Haarlem";395;123;17;25;76
"Totaal mannen en vrouwen";"Totaal";"2012";"Haarlem";372;91;15;22;68
"Totaal mannen en vrouwen";"Totaal";"2013";"Haarlem";355;87;16;18;74
"Totaal mannen en vrouwen";"Totaal";"2014";"Haarlem";364;100;8;18;76
"Totaal mannen en vrouwen";"Totaal";"2015";"Haarlem";380;103;10;17;56
"Totaal mannen en vrouwen";"Totaal";"2016";"Haarlem";315;58;18;15;61
"Totaal mannen en vrouwen";"Totaal";"2017";"Haarlem";316;62;17;9;57
"Totaal mannen en vrouwen";"Totaal";"2000";"Haarlemmermeer";192;31;15;35;11
"Totaal mannen en vrouwen";"Totaal";"2001";"Haarlemmermeer";200;36;14;42;14
"Totaal mannen en vrouwen";"Totaal";"2002";"Haarlemmermeer";261;47;14;61;26
"Totaal mannen en vrouwen";"Totaal";"2003";"Haarlemmermeer";269;44;18;67;24
"Totaal mannen en vrouwen";"Totaal";"2004";"Haarlemmermeer";281;55;16;68;25
"Totaal mannen en vrouwen";"Totaal";"2005";"Haarlemmermeer";324;75;14;67;29
"Totaal mannen en vrouwen";"Totaal";"2006";"Haarlemmermeer";300;61;14;59;32
"Totaal mannen en vrouwen";"Totaal";"2007";"Haarlemmermeer";314;76;18;60;23
"Totaal mannen en vrouwen";"Totaal";"2008";"Haarlemmermeer";295;72;17;57;33
"Totaal mannen en vrouwen";"Totaal";"2009";"Haarlemmermeer";308;67;15;46;29
"Totaal mannen en vrouwen";"Totaal";"2010";"Haarlemmermeer";298;67;15;57;21
"Totaal mannen en vrouwen";"Totaal";"2011";"Haarlemmermeer";287;79;12;42;20
"Totaal mannen en vrouwen";"Totaal";"2012";"Haarlemmermeer";267;54;13;36;18
"Totaal mannen en vrouwen";"Totaal";"2013";"Haarlemmermeer";290;62;14;33;25
"Totaal mannen en vrouwen";"Totaal";"2014";"Haarlemmermeer";252;48;11;22;26
"Totaal mannen en vrouwen";"Totaal";"2015";"Haarlemmermeer";263;63;8;34;20
"Totaal mannen en vrouwen";"Totaal";"2016";"Haarlemmermeer";279;71;7;31;15
"Totaal mannen en vrouwen";"Totaal";"2017";"Haarlemmermeer";284;52;13;37;23
"Totaal mannen en vrouwen";"Totaal";"2000";"'s-Hertogenbosch";285;96;11;32;51
"Totaal mannen en vrouwen";"Totaal";"2001";"'s-Hertogenbosch";281;90;17;36;54
"Totaal mannen en vrouwen";"Totaal";"2002";"'s-Hertogenbosch";288;97;12;27;43
"Totaal mannen en vrouwen";"Totaal";"2003";"'s-Hertogenbosch";262;97;11;13;59
"Totaal mannen en vrouwen";"Totaal";"2004";"'s-Hertogenbosch";248;89;12;22;42
"Totaal mannen en vrouwen";"Totaal";"2005";"'s-Hertogenbosch";259;108;10;26;40
"Totaal mannen en vrouwen";"Totaal";"2006";"'s-Hertogenbosch";265;81;11;15;55
"Totaal mannen en vrouwen";"Totaal";"2007";"'s-Hertogenbosch";262;97;15;17;38
"Totaal mannen en vrouwen";"Totaal";"2008";"'s-Hertogenbosch";250;100;9;16;39
"Totaal mannen en vrouwen";"Totaal";"2009";"'s-Hertogenbosch";263;87;10;16;40
"Totaal mannen en vrouwen";"Totaal";"2010";"'s-Hertogenbosch";257;80;17;15;38
"Totaal mannen en vrouwen";"Totaal";"2011";"'s-Hertogenbosch";266;86;17;14;37
"Totaal mannen en vrouwen";"Totaal";"2012";"'s-Hertogenbosch";237;77;16;11;34
"Totaal mannen en vrouwen";"Totaal";"2013";"'s-Hertogenbosch";231;69;7;10;37
"Totaal mannen en vrouwen";"Totaal";"2014";"'s-Hertogenbosch";230;87;13;17;24
"Totaal mannen en vrouwen";"Totaal";"2015";"'s-Hertogenbosch";245;76;11;15;18
"Totaal mannen en vrouwen";"Totaal";"2016";"'s-Hertogenbosch";240;62;16;12;21
"Totaal mannen en vrouwen";"Totaal";"2017";"'s-Hertogenbosch";224;65;7;3;16
"Totaal mannen en vrouwen";"Totaal";"2000";"Leeuwarden";;;;;
"Totaal mannen en vrouwen";"Totaal";"2001";"Leeuwarden";;;;;
"Totaal mannen en vrouwen";"Totaal";"2002";"Leeuwarden";;;;;
"Totaal mannen en vrouwen";"Totaal";"2003";"Leeuwarden";;;;;
"Totaal mannen en vrouwen";"Totaal";"2004";"Leeuwarden";;;;;
"Totaal mannen en vrouwen";"Totaal";"2005";"Leeuwarden";;;;;
"Totaal mannen en vrouwen";"Totaal";"2006";"Leeuwarden";;;;;
"Totaal mannen en vrouwen";"Totaal";"2007";"Leeuwarden";;;;;
"Totaal mannen en vrouwen";"Totaal";"2008";"Leeuwarden";;;;;
"Totaal mannen en vrouwen";"Totaal";"2009";"Leeuwarden";;;;;
"Totaal mannen en vrouwen";"Totaal";"2010";"Leeuwarden";;;;;
"Totaal mannen en vrouwen";"Totaal";"2011";"Leeuwarden";;;;;
"Totaal mannen en vrouwen";"Totaal";"2012";"Leeuwarden";;;;;
"Totaal mannen en vrouwen";"Totaal";"2013";"Leeuwarden";;;;;
"Totaal mannen en vrouwen";"Totaal";"2014";"Leeuwarden";167;10;30;7;9
"Totaal mannen en vrouwen";"Totaal";"2015";"Leeuwarden";160;18;27;9;3
"Totaal mannen en vrouwen";"Totaal";"2016";"Leeuwarden";172;13;32;6;5
"Totaal mannen en vrouwen";"Totaal";"2017";"Leeuwarden";200;24;36;10;3
"Totaal mannen en vrouwen";"Totaal";"2000";"Leiden";298;118;15;26;34
"Totaal mannen en vrouwen";"Totaal";"2001";"Leiden";296;122;20;33;33
"Totaal mannen en vrouwen";"Totaal";"2002";"Leiden";335;115;29;27;32
"Totaal mannen en vrouwen";"Totaal";"2003";"Leiden";335;126;21;35;38
"Totaal mannen en vrouwen";"Totaal";"2004";"Leiden";339;137;11;31;34
"Totaal mannen en vrouwen";"Totaal";"2005";"Leiden";322;125;14;19;35
"Totaal mannen en vrouwen";"Totaal";"2006";"Leiden";333;119;18;22;39
"Totaal mannen en vrouwen";"Totaal";"2007";"Leiden";319;108;12;24;33
"Totaal mannen en vrouwen";"Totaal";"2008";"Leiden";305;109;22;13;41
"Totaal mannen en vrouwen";"Totaal";"2009";"Leiden";312;103;13;20;25
"Totaal mannen en vrouwen";"Totaal";"2010";"Leiden";306;99;19;12;35
"Totaal mannen en vrouwen";"Totaal";"2011";"Leiden";290;90;15;13;21
"Totaal mannen en vrouwen";"Totaal";"2012";"Leiden";276;87;16;6;18
"Totaal mannen en vrouwen";"Totaal";"2013";"Leiden";254;66;13;14;28
"Totaal mannen en vrouwen";"Totaal";"2014";"Leiden";252;76;16;8;22
"Totaal mannen en vrouwen";"Totaal";"2015";"Leiden";247;60;8;18;23
"Totaal mannen en vrouwen";"Totaal";"2016";"Leiden";275;69;17;13;25
"Totaal mannen en vrouwen";"Totaal";"2017";"Leiden";280;59;10;17;22
"Totaal mannen en vrouwen";"Totaal";"2000";"Maastricht";133;34;5;3;30
"Totaal mannen en vrouwen";"Totaal";"2001";"Maastricht";167;44;7;10;22
"Totaal mannen en vrouwen";"Totaal";"2002";"Maastricht";139;32;7;4;22
"Totaal mannen en vrouwen";"Totaal";"2003";"Maastricht";179;42;6;5;29
"Totaal mannen en vrouwen";"Totaal";"2004";"Maastricht";155;41;8;7;19
"Totaal mannen en vrouwen";"Totaal";"2005";"Maastricht";153;44;5;6;21
"Totaal mannen en vrouwen";"Totaal";"2006";"Maastricht";115;30;9;3;17
"Totaal mannen en vrouwen";"Totaal";"2007";"Maastricht";115;25;9;3;22
"Totaal mannen en vrouwen";"Totaal";"2008";"Maastricht";114;29;8;4;16
"Totaal mannen en vrouwen";"Totaal";"2009";"Maastricht";139;33;8;4;20
"Totaal mannen en vrouwen";"Totaal";"2010";"Maastricht";145;26;10;6;13
"Totaal mannen en vrouwen";"Totaal";"2011";"Maastricht";138;37;9;1;8
"Totaal mannen en vrouwen";"Totaal";"2012";"Maastricht";136;30;8;0;11
"Totaal mannen en vrouwen";"Totaal";"2013";"Maastricht";131;23;12;1;15
"Totaal mannen en vrouwen";"Totaal";"2014";"Maastricht";138;24;8;1;18
"Totaal mannen en vrouwen";"Totaal";"2015";"Maastricht";147;17;4;1;18
"Totaal mannen en vrouwen";"Totaal";"2016";"Maastricht";154;19;5;2;10
"Totaal mannen en vrouwen";"Totaal";"2017";"Maastricht";144;21;8;2;11
"Totaal mannen en vrouwen";"Totaal";"2000";"Nijmegen";401;75;33;22;106
"Totaal mannen en vrouwen";"Totaal";"2001";"Nijmegen";360;77;39;11;85
"Totaal mannen en vrouwen";"Totaal";"2002";"Nijmegen";399;87;30;15;87
"Totaal mannen en vrouwen";"Totaal";"2003";"Nijmegen";360;71;33;20;84
"Totaal mannen en vrouwen";"Totaal";"2004";"Nijmegen";393;76;32;18;76
"Totaal mannen en vrouwen";"Totaal";"2005";"Nijmegen";324;71;26;14;67
"Totaal mannen en vrouwen";"Totaal";"2006";"Nijmegen";325;75;33;10;61
"Totaal mannen en vrouwen";"Totaal";"2007";"Nijmegen";305;56;34;15;78
"Totaal mannen en vrouwen";"Totaal";"2008";"Nijmegen";353;61;38;18;69
"Totaal mannen en vrouwen";"Totaal";"2009";"Nijmegen";327;64;32;18;56
"Totaal mannen en vrouwen";"Totaal";"2010";"Nijmegen";309;45;20;8;66
"Totaal mannen en vrouwen";"Totaal";"2011";"Nijmegen";294;62;19;17;41
"Totaal mannen en vrouwen";"Totaal";"2012";"Nijmegen";324;63;26;9;48
"Totaal mannen en vrouwen";"Totaal";"2013";"Nijmegen";302;52;29;15;48
"Totaal mannen en vrouwen";"Totaal";"2014";"Nijmegen";309;53;20;12;53
"Totaal mannen en vrouwen";"Totaal";"2015";"Nijmegen";304;51;29;10;47
"Totaal mannen en vrouwen";"Totaal";"2016";"Nijmegen";290;48;22;11;50
"Totaal mannen en vrouwen";"Totaal";"2017";"Nijmegen";306;42;22;12;50
"Totaal mannen en vrouwen";"Totaal";"2000";"Rotterdam";3896;955;361;782;879
"Totaal mannen en vrouwen";"Totaal";"2001";"Rotterdam";3963;919;420;739;853
"Totaal mannen en vrouwen";"Totaal";"2002";"Rotterdam";3837;953;413;688;771
"Totaal mannen en vrouwen";"Totaal";"2003";"Rotterdam";3677;908;408;645;753
"Totaal mannen en vrouwen";"Totaal";"2004";"Rotterdam";3689;907;394;610;772
"Totaal mannen en vrouwen";"Totaal";"2005";"Rotterdam";3553;943;371;571;764
"Totaal mannen en vrouwen";"Totaal";"2006";"Rotterdam";3493;949;359;563;694
"Totaal mannen en vrouwen";"Totaal";"2007";"Rotterdam";3400;899;383;533;656
"Totaal mannen en vrouwen";"Totaal";"2008";"Rotterdam";3398;902;413;503;638
"Totaal mannen en vrouwen";"Totaal";"2009";"Rotterdam";3358;814;408;507;630
"Totaal mannen en vrouwen";"Totaal";"2010";"Rotterdam";3378;850;421;484;640
"Totaal mannen en vrouwen";"Totaal";"2011";"Rotterdam";3351;859;395;470;617
"Totaal mannen en vrouwen";"Totaal";"2012";"Rotterdam";3340;807;427;454;589
"Totaal mannen en vrouwen";"Totaal";"2013";"Rotterdam";3078;738;416;396;565
"Totaal mannen en vrouwen";"Totaal";"2014";"Rotterdam";3085;696;416;385;560
"Totaal mannen en vrouwen";"Totaal";"2015";"Rotterdam";2985;732;380;366;507
"Totaal mannen en vrouwen";"Totaal";"2016";"Rotterdam";2926;648;431;308;481
"Totaal mannen en vrouwen";"Totaal";"2017";"Rotterdam";2771;661;372;312;404
"Totaal mannen en vrouwen";"Totaal";"2000";"Tilburg";644;115;92;53;142
"Totaal mannen en vrouwen";"Totaal";"2001";"Tilburg";631;107;96;66;142
"Totaal mannen en vrouwen";"Totaal";"2002";"Tilburg";608;107;95;53;115
"Totaal mannen en vrouwen";"Totaal";"2003";"Tilburg";644;144;80;45;122
"Totaal mannen en vrouwen";"Totaal";"2004";"Tilburg";565;127;76;50;119
"Totaal mannen en vrouwen";"Totaal";"2005";"Tilburg";533;106;71;59;115
"Totaal mannen en vrouwen";"Totaal";"2006";"Tilburg";496;116;60;54;103
"Totaal mannen en vrouwen";"Totaal";"2007";"Tilburg";496;112;70;43;108
"Totaal mannen en vrouwen";"Totaal";"2008";"Tilburg";536;110;71;52;116
"Totaal mannen en vrouwen";"Totaal";"2009";"Tilburg";513;117;83;42;114
"Totaal mannen en vrouwen";"Totaal";"2010";"Tilburg";529;106;92;51;108
"Totaal mannen en vrouwen";"Totaal";"2011";"Tilburg";493;115;62;36;99
"Totaal mannen en vrouwen";"Totaal";"2012";"Tilburg";503;97;71;33;101
"Totaal mannen en vrouwen";"Totaal";"2013";"Tilburg";478;94;61;34;106
"Totaal mannen en vrouwen";"Totaal";"2014";"Tilburg";500;106;70;29;91
"Totaal mannen en vrouwen";"Totaal";"2015";"Tilburg";466;81;70;27;75
"Totaal mannen en vrouwen";"Totaal";"2016";"Tilburg";497;78;68;32;72
"Totaal mannen en vrouwen";"Totaal";"2017";"Tilburg";429;62;66;27;66
"Totaal mannen en vrouwen";"Totaal";"2000";"Utrecht (gemeente)";1195;617;22;71;282
"Totaal mannen en vrouwen";"Totaal";"2001";"Utrecht (gemeente)";1156;563;34;74;234
"Totaal mannen en vrouwen";"Totaal";"2002";"Utrecht (gemeente)";1163;593;30;76;205
"Totaal mannen en vrouwen";"Totaal";"2003";"Utrecht (gemeente)";1254;630;28;92;229
"Totaal mannen en vrouwen";"Totaal";"2004";"Utrecht (gemeente)";1259;631;34;72;206
"Totaal mannen en vrouwen";"Totaal";"2005";"Utrecht (gemeente)";1281;680;26;81;219
"Totaal mannen en vrouwen";"Totaal";"2006";"Utrecht (gemeente)";1324;663;29;83;235
"Totaal mannen en vrouwen";"Totaal";"2007";"Utrecht (gemeente)";1262;634;31;83;193
"Totaal mannen en vrouwen";"Totaal";"2008";"Utrecht (gemeente)";1314;654;33;77;193
"Totaal mannen en vrouwen";"Totaal";"2009";"Utrecht (gemeente)";1282;635;23;80;182
"Totaal mannen en vrouwen";"Totaal";"2010";"Utrecht (gemeente)";1218;581;31;48;183
"Totaal mannen en vrouwen";"Totaal";"2011";"Utrecht (gemeente)";1229;586;30;67;187
"Totaal mannen en vrouwen";"Totaal";"2012";"Utrecht (gemeente)";1193;559;30;68;176
"Totaal mannen en vrouwen";"Totaal";"2013";"Utrecht (gemeente)";1125;524;36;51;135
"Totaal mannen en vrouwen";"Totaal";"2014";"Utrecht (gemeente)";1177;506;33;58;158
"Totaal mannen en vrouwen";"Totaal";"2015";"Utrecht (gemeente)";1125;483;25;54;159
"Totaal mannen en vrouwen";"Totaal";"2016";"Utrecht (gemeente)";1088;439;23;50;128
"Totaal mannen en vrouwen";"Totaal";"2017";"Utrecht (gemeente)";1101;432;31;47;123
"Totaal mannen en vrouwen";"Totaal";"2000";"Venlo";;;;;
"Totaal mannen en vrouwen";"Totaal";"2001";"Venlo";;;;;
"Totaal mannen en vrouwen";"Totaal";"2002";"Venlo";;;;;
"Totaal mannen en vrouwen";"Totaal";"2003";"Venlo";;;;;
"Totaal mannen en vrouwen";"Totaal";"2004";"Venlo";;;;;
"Totaal mannen en vrouwen";"Totaal";"2005";"Venlo";;;;;
"Totaal mannen en vrouwen";"Totaal";"2006";"Venlo";;;;;
"Totaal mannen en vrouwen";"Totaal";"2007";"Venlo";;;;;
"Totaal mannen en vrouwen";"Totaal";"2008";"Venlo";;;;;
"Totaal mannen en vrouwen";"Totaal";"2009";"Venlo";;;;;
"Totaal mannen en vrouwen";"Totaal";"2010";"Venlo";207;72;2;6;57
"Totaal mannen en vrouwen";"Totaal";"2011";"Venlo";147;44;4;6;43
"Totaal mannen en vrouwen";"Totaal";"2012";"Venlo";200;55;8;10;59
"Totaal mannen en vrouwen";"Totaal";"2013";"Venlo";162;53;4;2;38
"Totaal mannen en vrouwen";"Totaal";"2014";"Venlo";149;43;7;1;36
"Totaal mannen en vrouwen";"Totaal";"2015";"Venlo";131;27;7;1;37
"Totaal mannen en vrouwen";"Totaal";"2016";"Venlo";152;36;2;4;37
"Totaal mannen en vrouwen";"Totaal";"2017";"Venlo";136;33;8;1;39
"Totaal mannen en vrouwen";"Totaal";"2000";"Westland";;;;;
"Totaal mannen en vrouwen";"Totaal";"2001";"Westland";;;;;
"Totaal mannen en vrouwen";"Totaal";"2002";"Westland";;;;;
"Totaal mannen en vrouwen";"Totaal";"2003";"Westland";;;;;
"Totaal mannen en vrouwen";"Totaal";"2004";"Westland";;;;;
"Totaal mannen en vrouwen";"Totaal";"2005";"Westland";;;;;
"Totaal mannen en vrouwen";"Totaal";"2006";"Westland";;;;;
"Totaal mannen en vrouwen";"Totaal";"2007";"Westland";;;;;
"Totaal mannen en vrouwen";"Totaal";"2008";"Westland";;;;;
"Totaal mannen en vrouwen";"Totaal";"2009";"Westland";;;;;
"Totaal mannen en vrouwen";"Totaal";"2010";"Westland";;;;;
"Totaal mannen en vrouwen";"Totaal";"2011";"Westland";;;;;
"Totaal mannen en vrouwen";"Totaal";"2012";"Westland";81;28;5;5;8
"Totaal mannen en vrouwen";"Totaal";"2013";"Westland";79;26;2;6;8
"Totaal mannen en vrouwen";"Totaal";"2014";"Westland";79;27;4;2;7
"Totaal mannen en vrouwen";"Totaal";"2015";"Westland";86;27;7;4;6
"Totaal mannen en vrouwen";"Totaal";"2016";"Westland";91;25;3;5;14
"Totaal mannen en vrouwen";"Totaal";"2017";"Westland";109;23;3;7;11
"Totaal mannen en vrouwen";"Totaal";"2000";"Zaanstad";391;30;10;49;210
"Totaal mannen en vrouwen";"Totaal";"2001";"Zaanstad";380;29;11;55;181
"Totaal mannen en vrouwen";"Totaal";"2002";"Zaanstad";376;29;12;68;167
"Totaal mannen en vrouwen";"Totaal";"2003";"Zaanstad";377;36;8;41;184
"Totaal mannen en vrouwen";"Totaal";"2004";"Zaanstad";382;46;11;49;157
"Totaal mannen en vrouwen";"Totaal";"2005";"Zaanstad";378;47;10;54;153
"Totaal mannen en vrouwen";"Totaal";"2006";"Zaanstad";381;52;9;47;164
"Totaal mannen en vrouwen";"Totaal";"2007";"Zaanstad";384;64;13;49;130
"Totaal mannen en vrouwen";"Totaal";"2008";"Zaanstad";426;61;13;56;166
"Totaal mannen en vrouwen";"Totaal";"2009";"Zaanstad";408;80;15;41;144
"Totaal mannen en vrouwen";"Totaal";"2010";"Zaanstad";418;71;18;48;149
"Totaal mannen en vrouwen";"Totaal";"2011";"Zaanstad";409;80;13;47;143
"Totaal mannen en vrouwen";"Totaal";"2012";"Zaanstad";431;97;10;49;138
"Totaal mannen en vrouwen";"Totaal";"2013";"Zaanstad";401;81;12;51;133
"Totaal mannen en vrouwen";"Totaal";"2014";"Zaanstad";454;105;20;45;131
"Totaal mannen en vrouwen";"Totaal";"2015";"Zaanstad";434;84;13;51;131
"Totaal mannen en vrouwen";"Totaal";"2016";"Zaanstad";466;83;16;53;145
"Totaal mannen en vrouwen";"Totaal";"2017";"Zaanstad";432;79;13;44;131
"Totaal mannen en vrouwen";"Totaal";"2000";"Zoetermeer";254;32;32;96;11
"Totaal mannen en vrouwen";"Totaal";"2001";"Zoetermeer";232;18;33;87;13
"Totaal mannen en vrouwen";"Totaal";"2002";"Zoetermeer";256;20;31;91;10
"Totaal mannen en vrouwen";"Totaal";"2003";"Zoetermeer";222;29;20;84;9
"Totaal mannen en vrouwen";"Totaal";"2004";"Zoetermeer";270;36;18;75;18
"Totaal mannen en vrouwen";"Totaal";"2005";"Zoetermeer";282;30;31;77;18
"Totaal mannen en vrouwen";"Totaal";"2006";"Zoetermeer";240;28;35;54;13
"Totaal mannen en vrouwen";"Totaal";"2007";"Zoetermeer";284;44;32;76;12
"Totaal mannen en vrouwen";"Totaal";"2008";"Zoetermeer";259;30;31;65;17
"Totaal mannen en vrouwen";"Totaal";"2009";"Zoetermeer";289;41;32;63;18
"Totaal mannen en vrouwen";"Totaal";"2010";"Zoetermeer";316;49;38;66;20
"Totaal mannen en vrouwen";"Totaal";"2011";"Zoetermeer";312;37;43;62;16
"Totaal mannen en vrouwen";"Totaal";"2012";"Zoetermeer";307;46;45;64;11
"Totaal mannen en vrouwen";"Totaal";"2013";"Zoetermeer";272;33;33;55;9
"Totaal mannen en vrouwen";"Totaal";"2014";"Zoetermeer";299;51;38;49;17
"Totaal mannen en vrouwen";"Totaal";"2015";"Zoetermeer";279;36;39;40;15
"Totaal mannen en vrouwen";"Totaal";"2016";"Zoetermeer";291;40;38;48;17
"Totaal mannen en vrouwen";"Totaal";"2017";"Zoetermeer";274;29;42;51;12
"Totaal mannen en vrouwen";"Totaal";"2000";"Zwolle";191;12;30;22;46
"Totaal mannen en vrouwen";"Totaal";"2001";"Zwolle";196;13;31;21;47
"Totaal mannen en vrouwen";"Totaal";"2002";"Zwolle";172;7;23;28;36
"Totaal mannen en vrouwen";"Totaal";"2003";"Zwolle";205;9;32;20;50
"Totaal mannen en vrouwen";"Totaal";"2004";"Zwolle";207;14;28;21;33
"Totaal mannen en vrouwen";"Totaal";"2005";"Zwolle";217;13;29;17;45
"Totaal mannen en vrouwen";"Totaal";"2006";"Zwolle";201;14;33;17;37
"Totaal mannen en vrouwen";"Totaal";"2007";"Zwolle";217;21;34;10;39
"Totaal mannen en vrouwen";"Totaal";"2008";"Zwolle";207;15;37;11;29
"Totaal mannen en vrouwen";"Totaal";"2009";"Zwolle";193;13;32;14;22
"Totaal mannen en vrouwen";"Totaal";"2010";"Zwolle";206;11;28;14;31
"Totaal mannen en vrouwen";"Totaal";"2011";"Zwolle";200;13;32;10;24
"Totaal mannen en vrouwen";"Totaal";"2012";"Zwolle";195;14;32;10;20
"Totaal mannen en vrouwen";"Totaal";"2013";"Zwolle";182;8;30;10;17
"Totaal mannen en vrouwen";"Totaal";"2014";"Zwolle";171;12;24;9;14
"Totaal mannen en vrouwen";"Totaal";"2015";"Zwolle";180;12;19;6;21
"Totaal mannen en vrouwen";"Totaal";"2016";"Zwolle";205;13;35;8;15
"Totaal mannen en vrouwen";"Totaal";"2017";"Zwolle";192;13;25;6;15
"Totaal mannen en vrouwen";"Totaal";"2000";"Overige gemeenten";12566;2507;740;1354;2716
"Totaal mannen en vrouwen";"Totaal";"2001";"Overige gemeenten";12774;2545;819;1307;2664
"Totaal mannen en vrouwen";"Totaal";"2002";"Overige gemeenten";13055;2640;904;1249;2700
"Totaal mannen en vrouwen";"Totaal";"2003";"Overige gemeenten";12953;2698;900;1232;2492
"Totaal mannen en vrouwen";"Totaal";"2004";"Overige gemeenten";13011;2833;781;1176;2548
"Totaal mannen en vrouwen";"Totaal";"2005";"Overige gemeenten";12717;2742;826;1138;2482
"Totaal mannen en vrouwen";"Totaal";"2006";"Overige gemeenten";12593;2783;799;1062;2340
"Totaal mannen en vrouwen";"Totaal";"2007";"Overige gemeenten";12228;2551;816;1010;2298
"Totaal mannen en vrouwen";"Totaal";"2008";"Overige gemeenten";12216;2607;913;1001;2056
"Totaal mannen en vrouwen";"Totaal";"2009";"Overige gemeenten";11995;2439;816;957;1957
"Totaal mannen en vrouwen";"Totaal";"2010";"Overige gemeenten";12203;2393;863;933;1890
"Totaal mannen en vrouwen";"Totaal";"2011";"Overige gemeenten";12050;2268;812;858;1845
"Totaal mannen en vrouwen";"Totaal";"2012";"Overige gemeenten";11797;2215;751;802;1713
"Totaal mannen en vrouwen";"Totaal";"2013";"Overige gemeenten";11398;2094;817;793;1531
"Totaal mannen en vrouwen";"Totaal";"2014";"Overige gemeenten";11361;2044;786;678;1594
"Totaal mannen en vrouwen";"Totaal";"2015";"Overige gemeenten";10968;1786;714;641;1449
"Totaal mannen en vrouwen";"Totaal";"2016";"Overige gemeenten";11892;1792;739;621;1397
"Totaal mannen en vrouwen";"Totaal";"2017";"Overige gemeenten";11821;1626;756;605;1314
